sample_id	condition	expression_file_path	metadata_file_path	organism	technology	platform	tissue
18-339	IBD - HaT	/Volumes/T7/20241023__230814__Human_Colon_Clover_Set1/output-XETG00154__0036817__18-339__20241023__230856/cell_feature_matrix.h5	/Volumes/T7/20241023__230814__Human_Colon_Clover_Set1/output-XETG00154__0036817__18-339__20241023__230856/cells.csv.gz	Homo sapiens	Xenium Spatial Transcriptomics	10x Genomics Xenium	Colon
17-476	IBD - HaT	/Volumes/T7/20241023__230814__Human_Colon_Clover_Set1/output-XETG00154__0036817__17-476__20241023__230856/cell_feature_matrix.h5	/Volumes/T7/20241023__230814__Human_Colon_Clover_Set1/output-XETG00154__0036817__17-476__20241023__230856/cells.csv.gz	Homo sapiens	Xenium Spatial Transcriptomics	10x Genomics Xenium	Colon
18-031	IBD - HaT	/Volumes/T7/20241023__230814__Human_Colon_Clover_Set1/output-XETG00154__0036826__18-031__20241023__230856/cell_feature_matrix.h5	/Volumes/T7/20241023__230814__Human_Colon_Clover_Set1/output-XETG00154__0036826__18-031__20241023__230856/cells.csv.gz	Homo sapiens	Xenium Spatial Transcriptomics	10x Genomics Xenium	Colon
18-201	IBD - HaT	/Volumes/T7/20241023__230814__Human_Colon_Clover_Set1/output-XETG00154__0036826__18-201__20241023__230856/cell_feature_matrix.h5	/Volumes/T7/20241023__230814__Human_Colon_Clover_Set1/output-XETG00154__0036826__18-201__20241023__230856/cells.csv.gz	Homo sapiens	Xenium Spatial Transcriptomics	10x Genomics Xenium	Colon
17-432	IBD - non-HaT	/Volumes/T7/20241023__230814__Human_Colon_Clover_Set1/output-XETG00154__0036817__17-432__20241023__230856/cell_feature_matrix.h5	/Volumes/T7/20241023__230814__Human_Colon_Clover_Set1/output-XETG00154__0036817__17-432__20241023__230856/cells.csv.gz	Homo sapiens	Xenium Spatial Transcriptomics	10x Genomics Xenium	Colon
17-044	IBD - non-HaT	/Volumes/T7/20241023__230814__Human_Colon_Clover_Set1/output-XETG00154__0036817__17-044__20241023__230856/cell_feature_matrix.h5	/Volumes/T7/20241023__230814__Human_Colon_Clover_Set1/output-XETG00154__0036817__17-044__20241023__230856/cells.csv.gz	Homo sapiens	Xenium Spatial Transcriptomics	10x Genomics Xenium	Colon
18-070	IBD - non-HaT	/Volumes/T7/20241023__230814__Human_Colon_Clover_Set1/output-XETG00154__0036826__18-070__20241023__230856/cell_feature_matrix.h5	/Volumes/T7/20241023__230814__Human_Colon_Clover_Set1/output-XETG00154__0036826__18-070__20241023__230856/cells.csv.gz	Homo sapiens	Xenium Spatial Transcriptomics	10x Genomics Xenium	Colon
18-547	IBD - non-HaT	/Volumes/T7/20241023__230814__Human_Colon_Clover_Set1/output-XETG00154__0036826__18-547__20241023__230855/cell_feature_matrix.h5	/Volumes/T7/20241023__230814__Human_Colon_Clover_Set1/output-XETG00154__0036826__18-547__20241023__230855/cells.csv.gz	Homo sapiens	Xenium Spatial Transcriptomics	10x Genomics Xenium	Colon